num_threads,vector_size,mfc/s,counter
1, 1000000 ,39.7425," "
2, 1000000 ,68.2082," "
3, 1000000 ,88.3236," "
4, 1000000 ,104.646," "
5, 1000000 ,120.322," "
6, 1000000 ,130.225," "
7, 1000000 ,135.153," "
8, 1000000 ,149.343," "
9, 1000000 ,152.509," "
10, 1000000 ,152.509," "
11, 1000000 ,148.412," "
12, 1000000 ,147.558," "
13, 1000000 ,159.236," "
14, 1000000 ,72.7908," "
15, 1000000 ,132.573," "
16, 1000000 ,147.08," "
1, 2000000 ,45.7666," "
2, 2000000 ,77.1367," "
3, 2000000 ,106.287," "
4, 2000000 ,132.679," "
5, 2000000 ,148.92," "
6, 2000000 ,174.825," "
7, 2000000 ,188.448," "
8, 2000000 ,202.204," "
9, 2000000 ,206.825," "
10, 2000000 ,218.962," "
11, 2000000 ,155.958," "
12, 2000000 ,220.726," "
13, 2000000 ,242.219," "
14, 2000000 ,254.356," "
15, 2000000 ,258.198," "
16, 2000000 ,186.463," "
1, 3000000 ,47.7456," "
2, 3000000 ,85.0847," "
3, 3000000 ,116.239," "
4, 3000000 ,145.497," "
5, 3000000 ,174.085," "
6, 3000000 ,197.096," "
7, 3000000 ,218.388," "
8, 3000000 ,241.332," "
9, 3000000 ,416.435," "
10, 3000000 ,235.812," "
11, 3000000 ,266.288," "
12, 3000000 ,298.716," "
13, 3000000 ,308.261," "
14, 3000000 ,311.462," "
15, 3000000 ,322.893," "
16, 3000000 ,228.05," "
1, 4000000 ,50.8679," "
2, 4000000 ,90.3914," "
3, 4000000 ,111.312," "
4, 4000000 ,155.515," "
5, 4000000 ,184.519," "
6, 4000000 ,211.149," "
7, 4000000 ,235.988," "
8, 4000000 ,254.988," "
9, 4000000 ,272.907," "
10, 4000000 ,174.718," "
11, 4000000 ,317.259," "
12, 4000000 ,328.246," "
13, 4000000 ,336.191," "
14, 4000000 ,258.381," "
15, 4000000 ,356.665," "
16, 4000000 ,294.92," "
1, 5000000 ,52.9751," "
2, 5000000 ,94.2241," "
3, 5000000 ,125.213," "
4, 5000000 ,169.63," "
5, 5000000 ,193.311," "
6, 5000000 ,221.405," "
7, 5000000 ,250.878," "
8, 5000000 ,261.561," "
9, 5000000 ,290.006," "
10, 5000000 ,273.239," "
11, 5000000 ,306.88," "
12, 5000000 ,213.913," "
13, 5000000 ,370.233," "
14, 5000000 ,381.098," "
15, 5000000 ,404.334," "
16, 5000000 ,425.604," "
1, 6000000 ,52.6376," "
2, 6000000 ,86.7503," "
3, 6000000 ,132.121," "
4, 6000000 ,167.411," "
5, 6000000 ,197.681," "
6, 6000000 ,228.397," "
7, 6000000 ,255.907," "
8, 6000000 ,284.333," "
9, 6000000 ,306.216," "
10, 6000000 ,214.431," "
11, 6000000 ,341.841," "
12, 6000000 ,344.669," "
13, 6000000 ,397.009," "
14, 6000000 ,355.766," "
15, 6000000 ,410.032," "
16, 6000000 ,413.166," "
1, 7000000 ,57.6507," "
2, 7000000 ,103.881," "
3, 7000000 ,136.735," "
4, 7000000 ,171.111," "
5, 7000000 ,198.042," "
6, 7000000 ,237.82," "
7, 7000000 ,264.241," "
8, 7000000 ,293.071," "
9, 7000000 ,306.587," "
10, 7000000 ,338.409," "
11, 7000000 ,354.287," "
12, 7000000 ,389.864," "
13, 7000000 ,378.89," "
14, 7000000 ,235.112," "
15, 7000000 ,310.766," "
16, 7000000 ,469.925," "
1, 8000000 ,59.5863," "
2, 8000000 ,87.6367," "
3, 8000000 ,139.266," "
4, 8000000 ,174.711," "
5, 8000000 ,211.881," "
6, 8000000 ,240.565," "
7, 8000000 ,275.34," "
8, 8000000 ,303.836," "
9, 8000000 ,328.677," "
10, 8000000 ,358.327," "
11, 8000000 ,386.978," "
12, 8000000 ,400.521," "
13, 8000000 ,408.309," "
14, 8000000 ,454.985," "
15, 8000000 ,282.865," "
16, 8000000 ,310.426," "
1, 9000000 ,61.4066," "
2, 9000000 ,105.68," "
3, 9000000 ,137.455," "
4, 9000000 ,180.796," "
5, 9000000 ,216.138," "
6, 9000000 ,249.522," "
7, 9000000 ,255.718," "
8, 9000000 ,312.067," "
9, 9000000 ,342.309," "
10, 9000000 ,366.599," "
11, 9000000 ,387.363," "
12, 9000000 ,343.119," "
13, 9000000 ,436.766," "
14, 9000000 ,465.887," "
15, 9000000 ,462.725," "
16, 9000000 ,472.515," "
1, 10000000 ,64.6705," "
2, 10000000 ,106.864," "
3, 10000000 ,145.926," "
4, 10000000 ,183.688," "
5, 10000000 ,221.117," "
6, 10000000 ,253.081," "
7, 10000000 ,301.395," "
8, 10000000 ,318.157," "
9, 10000000 ,318.096," "
10, 10000000 ,372.564," "
11, 10000000 ,350.017," "
12, 10000000 ,431.183," "
13, 10000000 ,457.561," "
14, 10000000 ,456.892," "
15, 10000000 ,493.827," "
16, 10000000 ,457.498," "
1, 1000000 ,38.4926," "
2, 1000000 ,69.2042," "
3, 1000000 ,79.4534," "
4, 1000000 ,105.13," "
5, 1000000 ,122.956," "
6, 1000000 ,128.041," "
7, 1000000 ,134.898," "
8, 1000000 ,144.865," "
9, 1000000 ,111.719," "
10, 1000000 ,161.316," "
11, 1000000 ,152.416," "
12, 1000000 ,140.647," "
13, 1000000 ,71.2301," "
14, 1000000 ,138.927," "
15, 1000000 ,160.772," "
16, 1000000 ,71.8907," "
1, 2000000 ,44.9055," "
2, 2000000 ,80.3342," "
3, 2000000 ,106.895," "
4, 2000000 ,131.501," "
5, 2000000 ,153.116," "
6, 2000000 ,168.876," "
7, 2000000 ,177.746," "
8, 2000000 ,200.321," "
9, 2000000 ,199.104," "
10, 2000000 ,224.82," "
11, 2000000 ,213.402," "
12, 2000000 ,236.995," "
13, 2000000 ,232.126," "
14, 2000000 ,244.499," "
15, 2000000 ,239.492," "
16, 2000000 ,180.881," "
1, 3000000 ,48.4355," "
2, 3000000 ,86.098," "
3, 3000000 ,116.818," "
4, 3000000 ,144.683," "
5, 3000000 ,173.36," "
6, 3000000 ,198.373," "
7, 3000000 ,219.314," "
8, 3000000 ,234.613," "
9, 3000000 ,253.058," "
10, 3000000 ,268.697," "
11, 3000000 ,205.339," "
12, 3000000 ,297.324," "
13, 3000000 ,296.619," "
14, 3000000 ,191.889," "
15, 3000000 ,214.47," "
16, 3000000 ,181.411," "
1, 4000000 ,50.5683," "
2, 4000000 ,90.0779," "
3, 4000000 ,122.208," "
4, 4000000 ,155.945," "
5, 4000000 ,183.343," "
6, 4000000 ,210.493," "
7, 4000000 ,235.807," "
8, 4000000 ,259.168," "
9, 4000000 ,271.555," "
10, 4000000 ,304.901," "
11, 4000000 ,193.405," "
12, 4000000 ,321.673," "
13, 4000000 ,338.381," "
14, 4000000 ,343.643," "
15, 4000000 ,362.878," "
16, 4000000 ,358.519," "
1, 5000000 ,53.2566," "
2, 5000000 ,94.0221," "
3, 5000000 ,128.641," "
4, 5000000 ,160.478," "
5, 5000000 ,191.344," "
6, 5000000 ,220.877," "
7, 5000000 ,241.616," "
8, 5000000 ,273.523," "
9, 5000000 ,294.829," "
10, 5000000 ,315.796," "
11, 5000000 ,326.819," "
12, 5000000 ,349.871," "
13, 5000000 ,371.885," "
14, 5000000 ,395.101," "
15, 5000000 ,250.501," "
16, 5000000 ,258.144," "
1, 6000000 ,55.4262," "
2, 6000000 ,95.8635," "
3, 6000000 ,132.028," "
4, 6000000 ,165.216," "
5, 6000000 ,193.73," "
6, 6000000 ,230.379," "
7, 6000000 ,261.552," "
8, 6000000 ,285.144," "
9, 6000000 ,305.686," "
10, 6000000 ,325.168," "
11, 6000000 ,332.299," "
12, 6000000 ,374.368," "
13, 6000000 ,388.35," "
14, 6000000 ,398.168," "
15, 6000000 ,418.089," "
16, 6000000 ,276.091," "
1, 7000000 ,51.8012," "
2, 7000000 ,100.994," "
3, 7000000 ,136.025," "
4, 7000000 ,169.176," "
5, 7000000 ,206.996," "
6, 7000000 ,236.263," "
7, 7000000 ,265.131," "
8, 7000000 ,294.254," "
9, 7000000 ,289.567," "
10, 7000000 ,347.982," "
11, 7000000 ,268.384," "
12, 7000000 ,274.963," "
13, 7000000 ,428.764," "
14, 7000000 ,430.584," "
15, 7000000 ,374.612," "
16, 7000000 ,478.502," "
1, 8000000 ,59.6774," "
2, 8000000 ,101.483," "
3, 8000000 ,138.896," "
4, 8000000 ,174.387," "
5, 8000000 ,194.001," "
6, 8000000 ,218.782," "
7, 8000000 ,277.469," "
8, 8000000 ,306.713," "
9, 8000000 ,323.874," "
10, 8000000 ,379.579," "
11, 8000000 ,378.519," "
12, 8000000 ,402.131," "
13, 8000000 ,418.739," "
14, 8000000 ,434.924," "
15, 8000000 ,472.311," "
16, 8000000 ,292.547," "
1, 9000000 ,52.5406," "
2, 9000000 ,101.185," "
3, 9000000 ,142.36," "
4, 9000000 ,179.921," "
5, 9000000 ,211.025," "
6, 9000000 ,237.574," "
7, 9000000 ,272.117," "
8, 9000000 ,310.731," "
9, 9000000 ,339.111," "
10, 9000000 ,360.317," "
11, 9000000 ,380.052," "
12, 9000000 ,280.086," "
13, 9000000 ,437.594," "
14, 9000000 ,466.732," "
15, 9000000 ,353.454," "
16, 9000000 ,308.135," "
1, 10000000 ,67.1677," "
2, 10000000 ,109.818," "
3, 10000000 ,146.09," "
4, 10000000 ,182.675," "
5, 10000000 ,220.012," "
6, 10000000 ,254.039," "
7, 10000000 ,288.434," "
8, 10000000 ,319.01," "
9, 10000000 ,344.602," "
10, 10000000 ,358.038," "
11, 10000000 ,399.393," "
12, 10000000 ,301.823," "
13, 10000000 ,457.143," "
14, 10000000 ,488.448," "
15, 10000000 ,493.754," "
16, 10000000 ,485.979," "
1, 1000000 ,38.6324," "
2, 1000000 ,68.2827," "
3, 1000000 ,88.6446," "
4, 1000000 ,104.943," "
5, 1000000 ,119.546," "
6, 1000000 ,130.242," "
7, 1000000 ,139.821," "
8, 1000000 ,141.764," "
9, 1000000 ,152.812," "
10, 1000000 ,146.499," "
11, 1000000 ,114.758," "
12, 1000000 ,159.49," "
13, 1000000 ,114.824," "
14, 1000000 ,54.9511," "
15, 1000000 ,153.374," "
16, 1000000 ,158.228," "
1, 2000000 ,45.1314," "
2, 2000000 ,77.918," "
3, 2000000 ,105.893," "
4, 2000000 ,126.247," "
5, 2000000 ,150.784," "
6, 2000000 ,170.853," "
7, 2000000 ,196.175," "
8, 2000000 ,195.046," "
9, 2000000 ,211.775," "
10, 2000000 ,223.464," "
11, 2000000 ,220.216," "
12, 2000000 ,233.618," "
13, 2000000 ,129.257," "
14, 2000000 ,245.64," "
15, 2000000 ,249.969," "
16, 2000000 ,131.173," "
1, 3000000 ,48.609," "
2, 3000000 ,85.9254," "
3, 3000000 ,117.078," "
4, 3000000 ,143.527," "
5, 3000000 ,168.105," "
6, 3000000 ,193.673," "
7, 3000000 ,216.357," "
8, 3000000 ,234.265," "
9, 3000000 ,250.25," "
10, 3000000 ,236.948," "
11, 3000000 ,248.427," "
12, 3000000 ,285.551," "
13, 3000000 ,306.78," "
14, 3000000 ,306.341," "
15, 3000000 ,209.673," "
16, 3000000 ,287.632," "
1, 4000000 ,50.6836," "
2, 4000000 ,89.4614," "
3, 4000000 ,123.858," "
4, 4000000 ,153.894," "
5, 4000000 ,167.168," "
6, 4000000 ,204.708," "
7, 4000000 ,234.124," "
8, 4000000 ,259.202," "
9, 4000000 ,270.984," "
10, 4000000 ,288.33," "
11, 4000000 ,304.785," "
12, 4000000 ,321.518," "
13, 4000000 ,311.575," "
14, 4000000 ,347.162," "
15, 4000000 ,359.292," "
16, 4000000 ,266.987," "
1, 5000000 ,52.8994," "
2, 5000000 ,93.7154," "
3, 5000000 ,128.641," "
4, 5000000 ,160.426," "
5, 5000000 ,191.132," "
6, 5000000 ,219.945," "
7, 5000000 ,249.029," "
8, 5000000 ,268.889," "
9, 5000000 ,296.859," "
10, 5000000 ,309.31," "
11, 5000000 ,316.076," "
12, 5000000 ,202.569," "
13, 5000000 ,345.973," "
14, 5000000 ,385.951," "
15, 5000000 ,416.389," "
16, 5000000 ,247.77," "
1, 6000000 ,55.3643," "
2, 6000000 ,98.2865," "
3, 6000000 ,125.789," "
4, 6000000 ,166.362," "
5, 6000000 ,196.67," "
6, 6000000 ,211.692," "
7, 6000000 ,257.887," "
8, 6000000 ,285.415," "
9, 6000000 ,294.161," "
10, 6000000 ,332.171," "
11, 6000000 ,346.821," "
12, 6000000 ,368.709," "
13, 6000000 ,385.927," "
14, 6000000 ,255.189," "
15, 6000000 ,396.092," "
16, 6000000 ,340.213," "
1, 7000000 ,57.4378," "
2, 7000000 ,101.538," "
3, 7000000 ,135.706," "
4, 7000000 ,171.245," "
5, 7000000 ,190.011," "
6, 7000000 ,226.589," "
7, 7000000 ,268.539," "
8, 7000000 ,293.022," "
9, 7000000 ,291.521," "
10, 7000000 ,331.204," "
11, 7000000 ,343.609," "
12, 7000000 ,394.055," "
13, 7000000 ,390.385," "
14, 7000000 ,407.522," "
15, 7000000 ,446.4," "
16, 7000000 ,379.795," "
1, 8000000 ,59.7247," "
2, 8000000 ,101.08," "
3, 8000000 ,141.54," "
4, 8000000 ,158.986," "
5, 8000000 ,209.331," "
6, 8000000 ,202.989," "
7, 8000000 ,271.684," "
8, 8000000 ,301.967," "
9, 8000000 ,326.224," "
10, 8000000 ,352.889," "
11, 8000000 ,338.295," "
12, 8000000 ,406.442," "
13, 8000000 ,425.6," "
14, 8000000 ,439.996," "
15, 8000000 ,466.608," "
16, 8000000 ,496.001," "
1, 9000000 ,57.3," "
2, 9000000 ,105.63," "
3, 9000000 ,144.069," "
4, 9000000 ,180.455," "
5, 9000000 ,213.018," "
6, 9000000 ,245.64," "
7, 9000000 ,277.427," "
8, 9000000 ,310.698," "
9, 9000000 ,339.866," "
10, 9000000 ,368.641," "
11, 9000000 ,386.648," "
12, 9000000 ,405.314," "
13, 9000000 ,368.565," "
14, 9000000 ,405.515," "
15, 9000000 ,468.165," "
16, 9000000 ,508.906," "
1, 10000000 ,66.4995," "
2, 10000000 ,109.181," "
3, 10000000 ,146.787," "
4, 10000000 ,178.463," "
5, 10000000 ,219.274," "
6, 10000000 ,254.615," "
7, 10000000 ,285.014," "
8, 10000000 ,316.746," "
9, 10000000 ,341.262," "
10, 10000000 ,373.441," "
11, 10000000 ,387.672," "
12, 10000000 ,426.621," "
13, 10000000 ,449.156," "
14, 10000000 ,469.859," "
15, 10000000 ,482.183," "
16, 10000000 ,515.013," "
1, 1000000 ,39.9361," "
2, 1000000 ,68.1013," "
3, 1000000 ,88.5897," "
4, 1000000 ,105.641," "
5, 1000000 ,118.497," "
6, 1000000 ,125.078," "
7, 1000000 ,139.762," "
8, 1000000 ,139.704," "
9, 1000000 ,139.256," "
10, 1000000 ,158.253," "
11, 1000000 ,150.015," "
12, 1000000 ,164.555," "
13, 1000000 ,162.76," "
14, 1000000 ,154.727," "
15, 1000000 ,116.198," "
16, 1000000 ,75.1315," "
1, 2000000 ,45.1243," "
2, 2000000 ,80.0352," "
3, 2000000 ,108.073," "
4, 2000000 ,133.627," "
5, 2000000 ,153.917," "
6, 2000000 ,175.07," "
7, 2000000 ,185.185," "
8, 2000000 ,209.074," "
9, 2000000 ,212.54," "
10, 2000000 ,201.837," "
11, 2000000 ,180.408," "
12, 2000000 ,239.091," "
13, 2000000 ,102.838," "
14, 2000000 ,67.4241," "
15, 2000000 ,260.417," "
16, 2000000 ,107.991," "
1, 3000000 ,48.0615," "
2, 3000000 ,86.3707," "
3, 3000000 ,115.852," "
4, 3000000 ,146.836," "
5, 3000000 ,173.601," "
6, 3000000 ,194.717," "
7, 3000000 ,200.884," "
8, 3000000 ,227.083," "
9, 3000000 ,243.171," "
10, 3000000 ,261.028," "
11, 3000000 ,278.759," "
12, 3000000 ,264.667," "
13, 3000000 ,195.529," "
14, 3000000 ,314.597," "
15, 3000000 ,171.038," "
16, 3000000 ,142.789," "
1, 4000000 ,50.888," "
2, 4000000 ,90.3975," "
3, 4000000 ,112.363," "
4, 4000000 ,154.256," "
5, 4000000 ,182.091," "
6, 4000000 ,209.875," "
7, 4000000 ,229.24," "
8, 4000000 ,242.365," "
9, 4000000 ,275.33," "
10, 4000000 ,297.996," "
11, 4000000 ,311.988," "
12, 4000000 ,317.763," "
13, 4000000 ,343.731," "
14, 4000000 ,348.553," "
15, 4000000 ,298.82," "
16, 4000000 ,308.214," "
1, 5000000 ,52.8994," "
2, 5000000 ,93.181," "
3, 5000000 ,128.66," "
4, 5000000 ,162.327," "
5, 5000000 ,184.584," "
6, 5000000 ,231.332," "
7, 5000000 ,242.002," "
8, 5000000 ,258.572," "
9, 5000000 ,289.973," "
10, 5000000 ,308.585," "
11, 5000000 ,331.543," "
12, 5000000 ,350.238," "
13, 5000000 ,351," "
14, 5000000 ,379.766," "
15, 5000000 ,389.742," "
16, 5000000 ,258.772," "
1, 6000000 ,50.1584," "
2, 6000000 ,98.3526," "
3, 6000000 ,132.521," "
4, 6000000 ,152.952," "
5, 6000000 ,199.23," "
6, 6000000 ,231.929," "
7, 6000000 ,257.887," "
8, 6000000 ,281.465," "
9, 6000000 ,305.592," "
10, 6000000 ,208.667," "
11, 6000000 ,352.775," "
12, 6000000 ,380.18," "
13, 6000000 ,361.773," "
14, 6000000 ,415.656," "
15, 6000000 ,427.046," "
16, 6000000 ,239.597," "
1, 7000000 ,52.3858," "
2, 7000000 ,100.936," "
3, 7000000 ,137.519," "
4, 7000000 ,165.782," "
5, 7000000 ,204.942," "
6, 7000000 ,231," "
7, 7000000 ,266.555," "
8, 7000000 ,298.724," "
9, 7000000 ,291.072," "
10, 7000000 ,352.45," "
11, 7000000 ,338.36," "
12, 7000000 ,408.235," "
13, 7000000 ,398.656," "
14, 7000000 ,429.501," "
15, 7000000 ,451.205," "
16, 7000000 ,466.667," "
1, 8000000 ,59.4995," "
2, 8000000 ,100.229," "
3, 8000000 ,141.103," "
4, 8000000 ,161.78," "
5, 8000000 ,210.893," "
6, 8000000 ,241.488," "
7, 8000000 ,275.378," "
8, 8000000 ,295.443," "
9, 8000000 ,331.757," "
10, 8000000 ,218.771," "
11, 8000000 ,385.97," "
12, 8000000 ,406.649," "
13, 8000000 ,404.531," "
14, 8000000 ,267.103," "
15, 8000000 ,436.514," "
16, 8000000 ,295.268," "
1, 9000000 ,64.2756," "
2, 9000000 ,107.379," "
3, 9000000 ,118.479," "
4, 9000000 ,180.448," "
5, 9000000 ,214.951," "
6, 9000000 ,236.767," "
7, 9000000 ,275.862," "
8, 9000000 ,310.035," "
9, 9000000 ,334.374," "
10, 9000000 ,366.524," "
11, 9000000 ,391.645," "
12, 9000000 ,405.844," "
13, 9000000 ,443.503," "
14, 9000000 ,466.95," "
15, 9000000 ,489.503," "
16, 9000000 ,305.478," "
1, 10000000 ,63.9578," "
2, 10000000 ,109.459," "
3, 10000000 ,145.142," "
4, 10000000 ,184.047," "
5, 10000000 ,220.575," "
6, 10000000 ,252.34," "
7, 10000000 ,267.795," "
8, 10000000 ,315.537," "
9, 10000000 ,347.802," "
10, 10000000 ,353.769," "
11, 10000000 ,387.762," "
12, 10000000 ,426.185," "
13, 10000000 ,441.384," "
14, 10000000 ,482.509," "
15, 10000000 ,498.678," "
16, 10000000 ,515.517," "
1, 1000000 ,42.1053," "
2, 1000000 ,68.6295," "
3, 1000000 ,92.7558," "
4, 1000000 ,106.508," "
5, 1000000 ,116.131," "
6, 1000000 ,126.183," "
7, 1000000 ,135.704," "
8, 1000000 ,143.678," "
9, 1000000 ,101.76," "
10, 1000000 ,153.941," "
11, 1000000 ,139.587," "
12, 1000000 ,160.772," "
13, 1000000 ,116.686," "
14, 1000000 ,69.0322," "
15, 1000000 ,131.32," "
16, 1000000 ,71.0631," "
1, 2000000 ,44.0995," "
2, 2000000 ,77.3874," "
3, 2000000 ,106.752," "
4, 2000000 ,133.12," "
5, 2000000 ,153.917," "
6, 2000000 ,168.762," "
7, 2000000 ,190.858," "
8, 2000000 ,203.231," "
9, 2000000 ,200.24," "
10, 2000000 ,207.297," "
11, 2000000 ,226.526," "
12, 2000000 ,249.408," "
13, 2000000 ,253.872," "
14, 2000000 ,236.155," "
15, 2000000 ,247.77," "
16, 2000000 ,132.048," "
1, 3000000 ,46.9917," "
2, 3000000 ,86.2069," "
3, 3000000 ,115.794," "
4, 3000000 ,142.606," "
5, 3000000 ,172.632," "
6, 3000000 ,197.55," "
7, 3000000 ,213.904," "
8, 3000000 ,232.396," "
9, 3000000 ,153.555," "
10, 3000000 ,263.644," "
11, 3000000 ,258.621," "
12, 3000000 ,278.966," "
13, 3000000 ,302.572," "
14, 3000000 ,294.32," "
15, 3000000 ,273.448," "
16, 3000000 ,322.13," "
1, 4000000 ,54.0548," "
2, 4000000 ,90.7132," "
3, 4000000 ,119.417," "
4, 4000000 ,154.991," "
5, 4000000 ,176.702," "
6, 4000000 ,207.168," "
7, 4000000 ,235.891," "
8, 4000000 ,255.558," "
9, 4000000 ,291.481," "
10, 4000000 ,293.169," "
11, 4000000 ,290.782," "
12, 4000000 ,165.125," "
13, 4000000 ,333.667," "
14, 4000000 ,354.516," "
15, 4000000 ,323.651," "
16, 4000000 ,376.506," "
1, 5000000 ,53.2958," "
2, 5000000 ,93.633," "
3, 5000000 ,127.551," "
4, 5000000 ,159.226," "
5, 5000000 ,192.857," "
6, 5000000 ,219.742," "
7, 5000000 ,245.688," "
8, 5000000 ,265.844," "
9, 5000000 ,277.979," "
10, 5000000 ,326.99," "
11, 5000000 ,332.292," "
12, 5000000 ,354.359," "
13, 5000000 ,223.694," "
14, 5000000 ,382.263," "
15, 5000000 ,382.029," "
16, 5000000 ,372.856," "
1, 6000000 ,58.3584," "
2, 6000000 ,95.1822," "
3, 6000000 ,131.007," "
4, 6000000 ,157.832," "
5, 6000000 ,188.141," "
6, 6000000 ,231.965," "
7, 6000000 ,252.398," "
8, 6000000 ,287.466," "
9, 6000000 ,301.023," "
10, 6000000 ,210.482," "
11, 6000000 ,212.985," "
12, 6000000 ,372.093," "
13, 6000000 ,367.287," "
14, 6000000 ,401.849," "
15, 6000000 ,268.348," "
16, 6000000 ,273.373," "
1, 7000000 ,58.5182," "
2, 7000000 ,98.0983," "
3, 7000000 ,136.039," "
4, 7000000 ,170.869," "
5, 7000000 ,203.755," "
6, 7000000 ,247.77," "
7, 7000000 ,266.606," "
8, 7000000 ,293.034," "
9, 7000000 ,317.158," "
10, 7000000 ,323.774," "
11, 7000000 ,363.806," "
12, 7000000 ,410.557," "
13, 7000000 ,418.285," "
14, 7000000 ,424.603," "
15, 7000000 ,269.864," "
16, 7000000 ,463.607," "
1, 8000000 ,59.7412," "
2, 8000000 ,96.1134," "
3, 8000000 ,139.74," "
4, 8000000 ,174.072," "
5, 8000000 ,210.776," "
6, 8000000 ,228.044," "
7, 8000000 ,276.186," "
8, 8000000 ,300.526," "
9, 8000000 ,329.557," "
10, 8000000 ,353.435," "
11, 8000000 ,368.324," "
12, 8000000 ,397.97," "
13, 8000000 ,270.911," "
14, 8000000 ,440.068," "
15, 8000000 ,333.862," "
16, 8000000 ,296.659," "
1, 9000000 ,61.6852," "
2, 9000000 ,106.846," "
3, 9000000 ,144.388," "
4, 9000000 ,179.108," "
5, 9000000 ,214.797," "
6, 9000000 ,247.164," "
7, 9000000 ,276.438," "
8, 9000000 ,309.406," "
9, 9000000 ,341.569," "
10, 9000000 ,364.786," "
11, 9000000 ,372.779," "
12, 9000000 ,418.002," "
13, 9000000 ,431.406," "
14, 9000000 ,467.727," "
15, 9000000 ,401.66," "
16, 9000000 ,301.851," "
1, 10000000 ,66.8802," "
2, 10000000 ,109.088," "
3, 10000000 ,147.767," "
4, 10000000 ,182.05," "
5, 10000000 ,222.01," "
6, 10000000 ,254.136," "
7, 10000000 ,284.115," "
8, 10000000 ,321.244," "
9, 10000000 ,346.093," "
10, 10000000 ,382.292," "
11, 10000000 ,278.823," "
12, 10000000 ,433.332," "
13, 10000000 ,409.568," "
14, 10000000 ,479.157," "
15, 10000000 ,501.832," "
16, 10000000 ,333.801," "
1, 1000000 ,38.2526," "
2, 1000000 ,69.1994," "
3, 1000000 ,87.7501," "
4, 1000000 ,107.701," "
5, 1000000 ,116.768," "
6, 1000000 ,124.953," "
7, 1000000 ,134.084," "
8, 1000000 ,144.613," "
9, 1000000 ,159.337," "
10, 1000000 ,154.847," "
11, 1000000 ,138.408," "
12, 1000000 ,116.904," "
13, 1000000 ,71.8081," "
14, 1000000 ,71.9528," "
15, 1000000 ,169.176," "
16, 1000000 ,146.135," "
1, 2000000 ,41.9366," "
2, 2000000 ,78.672," "
3, 2000000 ,107.677," "
4, 2000000 ,129.601," "
5, 2000000 ,147.842," "
6, 2000000 ,169.019," "
7, 2000000 ,183.352," "
8, 2000000 ,205.761," "
9, 2000000 ,209.578," "
10, 2000000 ,213.744," "
11, 2000000 ,230.441," "
12, 2000000 ,237.756," "
13, 2000000 ,249.159," "
14, 2000000 ,250.156," "
15, 2000000 ,144.425," "
16, 2000000 ,141.423," "
1, 3000000 ,47.8774," "
2, 3000000 ,85.3315," "
3, 3000000 ,114.96," "
4, 3000000 ,147.044," "
5, 3000000 ,171.664," "
6, 3000000 ,194.263," "
7, 3000000 ,217.881," "
8, 3000000 ,240.231," "
9, 3000000 ,250.836," "
10, 3000000 ,261.279," "
11, 3000000 ,267.809," "
12, 3000000 ,185.54," "
13, 3000000 ,299.013," "
14, 3000000 ,317.965," "
15, 3000000 ,323.241," "
16, 3000000 ,197.668," "
1, 4000000 ,50.4515," "
2, 4000000 ,87.6885," "
3, 4000000 ,122.926," "
4, 4000000 ,154.125," "
5, 4000000 ,182.615," "
6, 4000000 ,210.582," "
7, 4000000 ,237.164," "
8, 4000000 ,255.493," "
9, 4000000 ,276.262," "
10, 4000000 ,300.797," "
11, 4000000 ,311.454," "
12, 4000000 ,327.145," "
13, 4000000 ,303.744," "
14, 4000000 ,346.56," "
15, 4000000 ,240.877," "
16, 4000000 ,264.638," "
1, 5000000 ,52.9942," "
2, 5000000 ,94.0079," "
3, 5000000 ,127.6," "
4, 5000000 ,158.846," "
5, 5000000 ,193.013," "
6, 5000000 ,219.52," "
7, 5000000 ,250.928," "
8, 5000000 ,274.755," "
9, 5000000 ,293.997," "
10, 5000000 ,315.577," "
11, 5000000 ,331.543," "
12, 5000000 ,342.185," "
13, 5000000 ,328.666," "
14, 5000000 ,363.769," "
15, 5000000 ,251.37," "
16, 5000000 ,383.612," "
1, 6000000 ,55.5967," "
2, 6000000 ,97.144," "
3, 6000000 ,128.427," "
4, 6000000 ,166.269," "
5, 6000000 ,198.774," "
6, 6000000 ,211.29," "
7, 6000000 ,257.014," "
8, 6000000 ,286.383," "
9, 6000000 ,303.967," "
10, 6000000 ,335.495," "
11, 6000000 ,352.941," "
12, 6000000 ,376.317," "
13, 6000000 ,393.856," "
14, 6000000 ,346.54," "
15, 6000000 ,271.064," "
16, 6000000 ,439.367," "
1, 7000000 ,58.1125," "
2, 7000000 ,100.753," "
3, 7000000 ,136.327," "
4, 7000000 ,169.307," "
5, 7000000 ,202.711," "
6, 7000000 ,234.923," "
7, 7000000 ,269.055," "
8, 7000000 ,292.985," "
9, 7000000 ,295.197," "
10, 7000000 ,343.761," "
11, 7000000 ,369.901," "
12, 7000000 ,386.356," "
13, 7000000 ,378.235," "
14, 7000000 ,431.3," "
15, 7000000 ,442.478," "
16, 7000000 ,284.842," "
1, 8000000 ,59.8046," "
2, 8000000 ,103.662," "
3, 8000000 ,140.872," "
4, 8000000 ,174.814," "
5, 8000000 ,210.643," "
6, 8000000 ,239.772," "
7, 8000000 ,274.433," "
8, 8000000 ,301.727," "
9, 8000000 ,329.747," "
10, 8000000 ,353.497," "
11, 8000000 ,380.536," "
12, 8000000 ,340.832," "
13, 8000000 ,426.03," "
14, 8000000 ,331.098," "
15, 8000000 ,468.961," "
16, 8000000 ,486.381," "
1, 9000000 ,61.9894," "
2, 9000000 ,107.326," "
3, 9000000 ,144.83," "
4, 9000000 ,180.777," "
5, 9000000 ,214.26," "
6, 9000000 ,250.613," "
7, 9000000 ,279.842," "
8, 9000000 ,302.206," "
9, 9000000 ,336.789," "
10, 9000000 ,338.97," "
11, 9000000 ,389.324," "
12, 9000000 ,413.945," "
13, 9000000 ,432.568," "
14, 9000000 ,454.408," "
15, 9000000 ,473.834," "
16, 9000000 ,317.976," "
1, 10000000 ,59.221," "
2, 10000000 ,109.073," "
3, 10000000 ,133.073," "
4, 10000000 ,165.003," "
5, 10000000 ,220.269," "
6, 10000000 ,254.446," "
7, 10000000 ,288.909," "
8, 10000000 ,318.258," "
9, 10000000 ,329.685," "
10, 10000000 ,369.303," "
11, 10000000 ,400.529," "
12, 10000000 ,389.924," "
13, 10000000 ,411.59," "
14, 10000000 ,295.299," "
15, 10000000 ,477.943," "
16, 10000000 ,461.702," "
1, 1000000 ,38.3759," "
2, 1000000 ,68.8421," "
3, 1000000 ,88.8573," "
4, 1000000 ,102.627," "
5, 1000000 ,119.119," "
6, 1000000 ,126.119," "
7, 1000000 ,137.287," "
8, 1000000 ,151.08," "
9, 1000000 ,154.416," "
10, 1000000 ,151.63," "
11, 1000000 ,153.681," "
12, 1000000 ,154.703," "
13, 1000000 ,163.425," "
14, 1000000 ,123.472," "
15, 1000000 ,159.261," "
16, 1000000 ,97.8091," "
1, 2000000 ,43.2807," "
2, 2000000 ,76.1035," "
3, 2000000 ,106.735," "
4, 2000000 ,130.984," "
5, 2000000 ,153.257," "
6, 2000000 ,174.08," "
7, 2000000 ,188.023," "
8, 2000000 ,199.064," "
9, 2000000 ,212.947," "
10, 2000000 ,210.018," "
11, 2000000 ,214.362," "
12, 2000000 ,126.016," "
13, 2000000 ,185.151," "
14, 2000000 ,170.43," "
15, 2000000 ,164.082," "
16, 2000000 ,262.261," "
1, 3000000 ,48.1379," "
2, 3000000 ,85.7167," "
3, 3000000 ,117.21," "
4, 3000000 ,145.208," "
5, 3000000 ,172.018," "
6, 3000000 ,196.412," "
7, 3000000 ,216.513," "
8, 3000000 ,230.751," "
9, 3000000 ,245.258," "
10, 3000000 ,266.525," "
11, 3000000 ,266.288," "
12, 3000000 ,288.656," "
13, 3000000 ,289.436," "
14, 3000000 ,310.784," "
15, 3000000 ,320.821," "
16, 3000000 ,241.643," "
1, 4000000 ,50.5587," "
2, 4000000 ,81.6893," "
3, 4000000 ,122.38," "
4, 4000000 ,154.697," "
5, 4000000 ,184.128," "
6, 4000000 ,211.227," "
7, 4000000 ,235.946," "
8, 4000000 ,260.281," "
9, 4000000 ,275.786," "
10, 4000000 ,287.894," "
11, 4000000 ,323.102," "
12, 4000000 ,326.052," "
13, 4000000 ,349.681," "
14, 4000000 ,258.081," "
15, 4000000 ,364.398," "
16, 4000000 ,223.09," "
1, 5000000 ,48.6931," "
2, 5000000 ,93.7963," "
3, 5000000 ,125.9," "
4, 5000000 ,163.148," "
5, 5000000 ,191.41," "
6, 5000000 ,211.399," "
7, 5000000 ,246.415," "
8, 5000000 ,274.469," "
9, 5000000 ,292.74," "
10, 5000000 ,310.984," "
11, 5000000 ,318.532," "
12, 5000000 ,340.692," "
13, 5000000 ,363.636," "
14, 5000000 ,360.542," "
15, 5000000 ,292.689," "
16, 5000000 ,420.663," "
1, 6000000 ,56.2092," "
2, 6000000 ,90.6249," "
3, 6000000 ,120.656," "
4, 6000000 ,162.902," "
5, 6000000 ,197.935," "
6, 6000000 ,229.156," "
7, 6000000 ,260.575," "
8, 6000000 ,284.428," "
9, 6000000 ,306.905," "
10, 6000000 ,326.602," "
11, 6000000 ,221.378," "
12, 6000000 ,359.928," "
13, 6000000 ,390.65," "
14, 6000000 ,406.945," "
15, 6000000 ,264.364," "
16, 6000000 ,430.942," "
1, 7000000 ,57.58," "
2, 7000000 ,101.524," "
3, 7000000 ,136.028," "
4, 7000000 ,171.141," "
5, 7000000 ,203.459," "
6, 7000000 ,234.671," "
7, 7000000 ,268.848," "
8, 7000000 ,294.811," "
9, 7000000 ,318.616," "
10, 7000000 ,346.004," "
11, 7000000 ,369.725," "
12, 7000000 ,379.178," "
13, 7000000 ,408.64," "
14, 7000000 ,422.578," "
15, 7000000 ,412.906," "
16, 7000000 ,408.926," "
1, 8000000 ,59.4323," "
2, 8000000 ,101.434," "
3, 8000000 ,140.917," "
4, 8000000 ,185.921," "
5, 8000000 ,208.67," "
6, 8000000 ,233.182," "
7, 8000000 ,251.549," "
8, 8000000 ,301.432," "
9, 8000000 ,331.757," "
10, 8000000 ,372.266," "
11, 8000000 ,378.644," "
12, 8000000 ,259.412," "
13, 8000000 ,433.346," "
14, 8000000 ,445.36," "
15, 8000000 ,418.017," "
16, 8000000 ,294.475," "
1, 9000000 ,62.5317," "
2, 9000000 ,103.548," "
3, 9000000 ,142.93," "
4, 9000000 ,180.806," "
5, 9000000 ,213.311," "
6, 9000000 ,247.668," "
7, 9000000 ,277.529," "
8, 9000000 ,306.905," "
9, 9000000 ,334.996," "
10, 9000000 ,361.635," "
11, 9000000 ,404.04," "
12, 9000000 ,375.94," "
13, 9000000 ,432.776," "
14, 9000000 ,461.609," "
15, 9000000 ,319.138," "
16, 9000000 ,367.092," "
1, 10000000 ,64.2591," "
2, 10000000 ,98.0065," "
3, 10000000 ,147.275," "
4, 10000000 ,183.496," "
5, 10000000 ,218.022," "
6, 10000000 ,268.889," "
7, 10000000 ,286.533," "
8, 10000000 ,315.946," "
9, 10000000 ,352.896," "
10, 10000000 ,376.308," "
11, 10000000 ,405.4," "
12, 10000000 ,421.07," "
13, 10000000 ,455.498," "
14, 10000000 ,430.589," "
15, 10000000 ,320.513," "
16, 10000000 ,508.259," "
1, 1000000 ,38.1752," "
2, 1000000 ,66.7869," "
3, 1000000 ,87.3362," "
4, 1000000 ,105.91," "
5, 1000000 ,117.055," "
6, 1000000 ,131.475," "
7, 1000000 ,134.372," "
8, 1000000 ,142.613," "
9, 1000000 ,69.5749," "
10, 1000000 ,152.835," "
11, 1000000 ,135.026," "
12, 1000000 ,154.345," "
13, 1000000 ,125.282," "
14, 1000000 ,158.907," "
15, 1000000 ,95.2925," "
16, 1000000 ,140.845," "
1, 2000000 ,43.9068," "
2, 2000000 ,79.2299," "
3, 2000000 ,107.793," "
4, 2000000 ,130.149," "
5, 2000000 ,155.836," "
6, 2000000 ,172.965," "
7, 2000000 ,194.42," "
8, 2000000 ,202.737," "
9, 2000000 ,195.408," "
10, 2000000 ,214.846," "
11, 2000000 ,227.868," "
12, 2000000 ,256.805," "
13, 2000000 ,237.784," "
14, 2000000 ,179.565," "
15, 2000000 ,257.334," "
16, 2000000 ,256.674," "
1, 3000000 ,47.1468," "
2, 3000000 ,85.6067," "
3, 3000000 ,117.943," "
4, 3000000 ,143.266," "
5, 3000000 ,173.26," "
6, 3000000 ,199.574," "
7, 3000000 ,219.443," "
8, 3000000 ,231.911," "
9, 3000000 ,250.71," "
10, 3000000 ,271.321," "
11, 3000000 ,230.503," "
12, 3000000 ,273.373," "
13, 3000000 ,305.623," "
14, 3000000 ,291.971," "
15, 3000000 ,312.5," "
16, 3000000 ,298.805," "
1, 4000000 ,51.6836," "
2, 4000000 ,89.7283," "
3, 4000000 ,122.669," "
4, 4000000 ,154.291," "
5, 4000000 ,180.237," "
6, 4000000 ,208.062," "
7, 4000000 ,235.752," "
8, 4000000 ,258.314," "
9, 4000000 ,254.243," "
10, 4000000 ,290.994," "
11, 4000000 ,306.396," "
12, 4000000 ,290.55," "
13, 4000000 ,338.295," "
14, 4000000 ,232.666," "
15, 4000000 ,363.537," "
16, 4000000 ,246.822," "
1, 5000000 ,53.4897," "
2, 5000000 ,94.3681," "
3, 5000000 ,128.199," "
4, 5000000 ,162.861," "
5, 5000000 ,190.462," "
6, 5000000 ,218.799," "
7, 5000000 ,248.004," "
8, 5000000 ,264.033," "
9, 5000000 ,293.824," "
10, 5000000 ,320.554," "
11, 5000000 ,316.676," "
12, 5000000 ,344.756," "
13, 5000000 ,295.09," "
14, 5000000 ,378.072," "
15, 5000000 ,249.128," "
16, 5000000 ,387.687," "
1, 6000000 ,56.1414," "
2, 6000000 ,94.8287," "
3, 6000000 ,133.28," "
4, 6000000 ,166.885," "
5, 6000000 ,197.941," "
6, 6000000 ,228.232," "
7, 6000000 ,257.069," "
8, 6000000 ,287.811," "
9, 6000000 ,305.686," "
10, 6000000 ,290.824," "
11, 6000000 ,347.584," "
12, 6000000 ,313.939," "
13, 6000000 ,392.516," "
14, 6000000 ,381.509," "
15, 6000000 ,397.377," "
16, 6000000 ,156.323," "
1, 7000000 ,59.0583," "
2, 7000000 ,100.857," "
3, 7000000 ,136.181," "
4, 7000000 ,173.409," "
5, 7000000 ,204.332," "
6, 7000000 ,235.952," "
7, 7000000 ,233.973," "
8, 7000000 ,293.489," "
9, 7000000 ,320.102," "
10, 7000000 ,225.269," "
11, 7000000 ,335.089," "
12, 7000000 ,389.907," "
13, 7000000 ,384.278," "
14, 7000000 ,389.95," "
15, 7000000 ,398.27," "
16, 7000000 ,285.866," "
1, 8000000 ,60.3305," "
2, 8000000 ,99.0307," "
3, 8000000 ,139.298," "
4, 8000000 ,175.431," "
5, 8000000 ,211.786," "
6, 8000000 ,240.146," "
7, 8000000 ,273.177," "
8, 8000000 ,286.01," "
9, 8000000 ,330.92," "
10, 8000000 ,316.669," "
11, 8000000 ,291.45," "
12, 8000000 ,400.882," "
13, 8000000 ,269.714," "
14, 8000000 ,390.568," "
15, 8000000 ,352.299," "
16, 8000000 ,489.327," "
1, 9000000 ,58.5716," "
2, 9000000 ,106.45," "
3, 9000000 ,142.746," "
4, 9000000 ,180.886," "
5, 9000000 ,213.858," "
6, 9000000 ,250.738," "
7, 9000000 ,278.819," "
8, 9000000 ,309.992," "
9, 9000000 ,332.754," "
10, 9000000 ,363.783," "
11, 9000000 ,392.739," "
12, 9000000 ,367.182," "
13, 9000000 ,432.838," "
14, 9000000 ,458.155," "
15, 9000000 ,478.088," "
16, 9000000 ,489.929," "
1, 10000000 ,60.7393," "
2, 10000000 ,106.72," "
3, 10000000 ,147.31," "
4, 10000000 ,182.765," "
5, 10000000 ,220.897," "
6, 10000000 ,252.302," "
7, 10000000 ,286.812," "
8, 10000000 ,321.099," "
9, 10000000 ,347.21," "
10, 10000000 ,374.925," "
11, 10000000 ,405.778," "
12, 10000000 ,436.357," "
13, 10000000 ,405.17," "
14, 10000000 ,435.388," "
15, 10000000 ,320.523," "
16, 10000000 ,279.189," "
1, 1000000 ,38.3156," "
2, 1000000 ,68.5965," "
3, 1000000 ,83.5282," "
4, 1000000 ,104.756," "
5, 1000000 ,120.294," "
6, 1000000 ,129.299," "
7, 1000000 ,136.258," "
8, 1000000 ,140.351," "
9, 1000000 ,138.87," "
10, 1000000 ,108.992," "
11, 1000000 ,154.297," "
12, 1000000 ,156.152," "
13, 1000000 ,161.708," "
14, 1000000 ,129.618," "
15, 1000000 ,157.183," "
16, 1000000 ,125.992," "
1, 2000000 ,44.6788," "
2, 2000000 ,79.8403," "
3, 2000000 ,106.146," "
4, 2000000 ,133.815," "
5, 2000000 ,150.5," "
6, 2000000 ,171.497," "
7, 2000000 ,189.573," "
8, 2000000 ,199.581," "
9, 2000000 ,217.061," "
10, 2000000 ,210.327," "
11, 2000000 ,213.812," "
12, 2000000 ,235.405," "
13, 2000000 ,127.943," "
14, 2000000 ,156.372," "
15, 2000000 ,101.874," "
16, 2000000 ,153.645," "
1, 3000000 ,47.047," "
2, 3000000 ,86.2242," "
3, 3000000 ,116.234," "
4, 3000000 ,143.74," "
5, 3000000 ,177.054," "
6, 3000000 ,198.282," "
7, 3000000 ,216.232," "
8, 3000000 ,231.803," "
9, 3000000 ,128.309," "
10, 3000000 ,259.112," "
11, 3000000 ,267.308," "
12, 3000000 ,288.878," "
13, 3000000 ,272.059," "
14, 3000000 ,309.406," "
15, 3000000 ,305.095," "
16, 3000000 ,219.523," "
1, 4000000 ,51.6409," "
2, 4000000 ,87.2277," "
3, 4000000 ,122.41," "
4, 4000000 ,153.858," "
5, 4000000 ,184.775," "
6, 4000000 ,212.97," "
7, 4000000 ,247.234," "
8, 4000000 ,258.933," "
9, 4000000 ,277.971," "
10, 4000000 ,285.185," "
11, 4000000 ,309.454," "
12, 4000000 ,322.061," "
13, 4000000 ,317.007," "
14, 4000000 ,227.182," "
15, 4000000 ,367.918," "
16, 4000000 ,349.926," "
1, 5000000 ,53.2362," "
2, 5000000 ,94.9127," "
3, 5000000 ,128.422," "
4, 5000000 ,160.699," "
5, 5000000 ,201.329," "
6, 5000000 ,219.635," "
7, 5000000 ,249.227," "
8, 5000000 ,274.318," "
9, 5000000 ,284.042," "
10, 5000000 ,309.004," "
11, 5000000 ,327.783," "
12, 5000000 ,341.951," "
13, 5000000 ,365.31," "
14, 5000000 ,389.438," "
15, 5000000 ,386.429," "
16, 5000000 ,339.697," "
1, 6000000 ,55.4672," "
2, 6000000 ,98.3961," "
3, 6000000 ,133.941," "
4, 6000000 ,167.696," "
5, 6000000 ,196.689," "
6, 6000000 ,230.229," "
7, 6000000 ,260.462," "
8, 6000000 ,285.415," "
9, 6000000 ,307.771," "
10, 6000000 ,324.342," "
11, 6000000 ,354.715," "
12, 6000000 ,358.938," "
13, 6000000 ,236.574," "
14, 6000000 ,252.674," "
15, 6000000 ,424.959," "
16, 6000000 ,387.797," "
1, 7000000 ,55.5803," "
2, 7000000 ,100.849," "
3, 7000000 ,136.703," "
4, 7000000 ,171.028," "
5, 7000000 ,205.628," "
6, 7000000 ,240.055," "
7, 7000000 ,265.705," "
8, 7000000 ,288.743," "
9, 7000000 ,313.255," "
10, 7000000 ,307.53," "
11, 7000000 ,368.479," "
12, 7000000 ,243.775," "
13, 7000000 ,413.467," "
14, 7000000 ,363.523," "
15, 7000000 ,442.87," "
16, 7000000 ,286.58," "
1, 8000000 ,59.7037," "
2, 8000000 ,104.224," "
3, 8000000 ,140.472," "
4, 8000000 ,175.131," "
5, 8000000 ,204.761," "
6, 8000000 ,242.77," "
7, 8000000 ,259.816," "
8, 8000000 ,299.188," "
9, 8000000 ,326.958," "
10, 8000000 ,350.293," "
11, 8000000 ,378.179," "
12, 8000000 ,356.332," "
13, 8000000 ,403.226," "
14, 8000000 ,393.043," "
15, 8000000 ,287.387," "
16, 8000000 ,441.647," "
1, 9000000 ,64.7361," "
2, 9000000 ,103.984," "
3, 9000000 ,152.292," "
4, 9000000 ,180.307," "
5, 9000000 ,215.729," "
6, 9000000 ,238.632," "
7, 9000000 ,278.707," "
8, 9000000 ,307.966," "
9, 9000000 ,339.392," "
10, 9000000 ,362.479," "
11, 9000000 ,412.352," "
12, 9000000 ,414.498," "
13, 9000000 ,427.614," "
14, 9000000 ,438.49," "
15, 9000000 ,487.964," "
16, 9000000 ,300.682," "
1, 10000000 ,68.1677," "
2, 10000000 ,106.667," "
3, 10000000 ,146.957," "
4, 10000000 ,183.204," "
5, 10000000 ,217.188," "
6, 10000000 ,253.286," "
7, 10000000 ,285.853," "
8, 10000000 ,291.886," "
9, 10000000 ,346.885," "
10, 10000000 ,374.967," "
11, 10000000 ,458.968," "
12, 10000000 ,392.912," "
13, 10000000 ,452.796," "
14, 10000000 ,403.307," "
15, 10000000 ,497.76," "
16, 10000000 ,524.191," "
1, 1000000 ,39.7535," "
2, 1000000 ,68.1617," "
3, 1000000 ,88.2613," "
4, 1000000 ,94.3752," "
5, 1000000 ,111.284," "
6, 1000000 ,128.717," "
7, 1000000 ,137.893," "
8, 1000000 ,137.268," "
9, 1000000 ,147.449," "
10, 1000000 ,150.263," "
11, 1000000 ,152.555," "
12, 1000000 ,96.8804," "
13, 1000000 ,156.397," "
14, 1000000 ,148.017," "
15, 1000000 ,155.424," "
16, 1000000 ,66.0851," "
1, 2000000 ,43.572," "
2, 2000000 ,80.3665," "
3, 2000000 ,106.718," "
4, 2000000 ,129.702," "
5, 2000000 ,152.544," "
6, 2000000 ,175.269," "
7, 2000000 ,188.911," "
8, 2000000 ,201.715," "
9, 2000000 ,119.296," "
10, 2000000 ,220.58," "
11, 2000000 ,214.362," "
12, 2000000 ,242.512," "
13, 2000000 ,127.17," "
14, 2000000 ,231.16," "
15, 2000000 ,208.16," "
16, 2000000 ,195.484," "
1, 3000000 ,47.7912," "
2, 3000000 ,85.436," "
3, 3000000 ,116.275," "
4, 3000000 ,145.652," "
5, 3000000 ,167.663," "
6, 3000000 ,180.343," "
7, 3000000 ,222.124," "
8, 3000000 ,231.696," "
9, 3000000 ,247.913," "
10, 3000000 ,261.598," "
11, 3000000 ,278.577," "
12, 3000000 ,294.58," "
13, 3000000 ,310.302," "
14, 3000000 ,308.896," "
15, 3000000 ,286.506," "
16, 3000000 ,221.598," "
1, 4000000 ,53.3205," "
2, 4000000 ,90.3444," "
3, 4000000 ,121.466," "
4, 4000000 ,154.291," "
5, 4000000 ,183.722," "
6, 4000000 ,210.228," "
7, 4000000 ,235.433," "
8, 4000000 ,254.761," "
9, 4000000 ,271.095," "
10, 4000000 ,289.289," "
11, 4000000 ,257.218," "
12, 4000000 ,318.624," "
13, 4000000 ,273.336," "
14, 4000000 ,173.085," "
15, 4000000 ,358.102," "
16, 4000000 ,372.752," "
1, 5000000 ,53.8283," "
2, 5000000 ,93.5331," "
3, 5000000 ,130.45," "
4, 5000000 ,163.196," "
5, 5000000 ,193.678," "
6, 5000000 ,222.163," "
7, 5000000 ,245.712," "
8, 5000000 ,272.405," "
9, 5000000 ,291.223," "
10, 5000000 ,316.536," "
11, 5000000 ,266.099," "
12, 5000000 ,348.408," "
13, 5000000 ,381.679," "
14, 5000000 ,205.905," "
15, 5000000 ,401.413," "
16, 5000000 ,377.672," "
1, 6000000 ,48.2218," "
2, 6000000 ,98.1611," "
3, 6000000 ,133.067," "
4, 6000000 ,167.205," "
5, 6000000 ,200.26," "
6, 6000000 ,227.713," "
7, 6000000 ,257.599," "
8, 6000000 ,286.164," "
9, 6000000 ,313.496," "
10, 6000000 ,338.162," "
11, 6000000 ,356.845," "
12, 6000000 ,374.042," "
13, 6000000 ,390.65," "
14, 6000000 ,408.775," "
15, 6000000 ,374.368," "
16, 6000000 ,276.727," "
1, 7000000 ,58.4327," "
2, 7000000 ,101.311," "
3, 7000000 ,130.415," "
4, 7000000 ,172.529," "
5, 7000000 ,203.223," "
6, 7000000 ,234.545," "
7, 7000000 ,265.443," "
8, 7000000 ,295.671," "
9, 7000000 ,306.493," "
10, 7000000 ,341.563," "
11, 7000000 ,370.096," "
12, 7000000 ,220.403," "
13, 7000000 ,394.544," "
14, 7000000 ,398.838," "
15, 7000000 ,448.804," "
16, 7000000 ,300.881," "
1, 8000000 ,60.3104," "
2, 8000000 ,100.883," "
3, 8000000 ,139.254," "
4, 8000000 ,176.71," "
5, 8000000 ,209.139," "
6, 8000000 ,243.984," "
7, 8000000 ,258.749," "
8, 8000000 ,300.786," "
9, 8000000 ,326.437," "
10, 8000000 ,351.262," "
11, 8000000 ,380.68," "
12, 8000000 ,370.028," "
13, 8000000 ,430.478," "
14, 8000000 ,440.82," "
15, 8000000 ,460.326," "
16, 8000000 ,482.8," "
1, 9000000 ,62.3359," "
2, 9000000 ,107.423," "
3, 9000000 ,143.749," "
4, 9000000 ,182.626," "
5, 9000000 ,213.316," "
6, 9000000 ,249.501," "
7, 9000000 ,275.322," "
8, 9000000 ,307.44," "
9, 9000000 ,336.147," "
10, 9000000 ,360.115," "
11, 9000000 ,390.693," "
12, 9000000 ,416.05," "
13, 9000000 ,442.391," "
14, 9000000 ,462.963," "
15, 9000000 ,474.984," "
16, 9000000 ,299.172," "
1, 10000000 ,63.7357," "
2, 10000000 ,106.805," "
3, 10000000 ,137.878," "
4, 10000000 ,182.246," "
5, 10000000 ,218.962," "
6, 10000000 ,241.249," "
7, 10000000 ,287.836," "
8, 10000000 ,309.626," "
9, 10000000 ,345.03," "
10, 10000000 ,380.706," "
11, 10000000 ,396.511," "
12, 10000000 ,427.917," "
13, 10000000 ,303.527," "
14, 10000000 ,488.544," "
15, 10000000 ,430.478," "
16, 10000000 ,307.872," "
